{
  "incumbent_ids": [
    16
  ],
  "rejected_config_ids": [
    2,
    3,
    1,
    5,
    6,
    7,
    8,
    4,
    10,
    11,
    12,
    13,
    14,
    15,
    9,
    17,
    18,
    19,
    20,
    21,
    22,
    23,
    24,
    25,
    26,
    27,
    28,
    29,
    30,
    31,
    32,
    33,
    34,
    35,
    36,
    37,
    38,
    39,
    40,
    41,
    42,
    43,
    44,
    45,
    46,
    47,
    48,
    49,
    50
  ],
  "incumbents_changed": 4,
  "trajectory": [
    {
      "config_ids": [
        1
      ],
      "costs": [
        -12785.6135
      ],
      "trial": 1,
      "walltime": 28.55014395713806
    },
    {
      "config_ids": [
        4
      ],
      "costs": [
        -13020.61475
      ],
      "trial": 4,
      "walltime": 61.22748398780823
    },
    {
      "config_ids": [
        9
      ],
      "costs": [
        -13179.036000000002
      ],
      "trial": 9,
      "walltime": 170.29431295394897
    },
    {
      "config_ids": [
        16
      ],
      "costs": [
        -13185.87325
      ],
      "trial": 16,
      "walltime": 189.185781955719
    }
  ],
  "state": {
    "queue": [
      [
        50,
        1
      ]
    ]
  }
}